{
  "NVIDIA CORP": {
    "2025-02-14 06:12:04 UTC": {
      "ARM HOLDINGS PLC": {
        "holdingAvgVol": 6971150,
        "holdingLastMktCap": 173401161926.26953,
        "currentMktCap": 170776427062.98828,
        "EBITDA": 600000000,
        "Debt-Cash": -2400000064,
        "benchmarkAvgVol": 4659681000,
        "benchmarkLastPrice": 6115.06982421875,
        "benchmarkCurrentPrice": 6112.89013671875,
        "filerAvgVol": 6971150,
        "filerLastMktCap": 173401161926.26953,
        "filerCurrentMktCap": 170776427062.98828,
        "filerEBITDA": 600000000,
        "filerDebt-Cash": -2400000064,
        "percentChng": 0.5616370798619328,
        "diffShares": -859535,
        "diffDollars": -144561643
      },
      "NEBIUS GROUP N.V.": {
        "holdingAvgVol": 10296110,
        "holdingLastMktCap": 9830925299.865723,
        "currentMktCap": 9571595800.268555,
        "EBITDA": -129649968,
        "Debt-Cash": -2412000000,
        "benchmarkAvgVol": 4659681000,
        "benchmarkLastPrice": 6115.06982421875,
        "benchmarkCurrentPrice": 6112.89013671875,
        "filerAvgVol": 10296110,
        "filerLastMktCap": 9830925299.865723,
        "filerCurrentMktCap": 9571595800.268555,
        "filerEBITDA": -129649968,
        "filerDebt-Cash": -2412000000,
        "percentChng": 1,
        "diffShares": 1190476,
        "diffDollars": 32976185
      },
      "WERIDE INC": {
        "holdingAvgVol": 74410,
        "holdingLastMktCap": 4713036451.982117,
        "currentMktCap": 4622453943.964233,
        "EBITDA": -2123549056,
        "Debt-Cash": -6430576112,
        "benchmarkAvgVol": 4659681000,
        "benchmarkLastPrice": 6115.06982421875,
        "benchmarkCurrentPrice": 6112.89013671875,
        "filerAvgVol": 74410,
        "filerLastMktCap": 4713036451.982117,
        "filerCurrentMktCap": 4622453943.964233,
        "filerEBITDA": -2123549056,
        "filerDebt-Cash": -6430576112,
        "percentChng": 1,
        "diffShares": 1738563,
        "diffDollars": 24652823
      },
      "NANO X IMAGING LTD": {
        "holdingAvgVol": 2117530,
        "holdingLastMktCap": 442611211.1816406,
        "currentMktCap": 440559352.17285156,
        "EBITDA": -44932000,
        "Debt-Cash": -65760000,
        "benchmarkAvgVol": 4659681000,
        "benchmarkLastPrice": 6115.06982421875,
        "benchmarkCurrentPrice": 6112.89013671875,
        "filerAvgVol": 2117530,
        "filerLastMktCap": 442611211.1816406,
        "filerCurrentMktCap": 440559352.17285156,
        "filerEBITDA": -44932000,
        "filerDebt-Cash": -65760000,
        "percentChng": -1,
        "diffShares": -59632,
        "diffDollars": -362563
      },
      "SERVE ROBOTICS INC": {
        "holdingAvgVol": 9578090,
        "holdingLastMktCap": 930249023.6165257,
        "currentMktCap": 915637757.6843204,
        "EBITDA": -37979232,
        "Debt-Cash": -120922709,
        "benchmarkAvgVol": 4659681000,
        "benchmarkLastPrice": 6115.06982421875,
        "benchmarkCurrentPrice": 6112.89013671875,
        "filerAvgVol": 9578090,
        "filerLastMktCap": 930249023.6165257,
        "filerCurrentMktCap": 915637757.6843204,
        "filerEBITDA": -37979232,
        "filerDebt-Cash": -120922709,
        "percentChng": -1,
        "diffShares": -3727033,
        "diffDollars": -29629912
      },
      "SOUNDHOUND AI INC": {
        "holdingAvgVol": 39096560,
        "holdingLastMktCap": 5495883633,
        "currentMktCap": 5468854765.838139,
        "EBITDA": -95729000,
        "Debt-Cash": -193872000,
        "benchmarkAvgVol": 4659681000,
        "benchmarkLastPrice": 6115.06982421875,
        "benchmarkCurrentPrice": 6112.89013671875,
        "filerAvgVol": 39096560,
        "filerLastMktCap": 5495883633,
        "filerCurrentMktCap": 5468854765.838139,
        "filerEBITDA": -95729000,
        "filerDebt-Cash": -193872000,
        "percentChng": -1,
        "diffShares": -1730883,
        "diffDollars": -8065915
      }
    }
  }
}