{
  "NVIDIA CORP": {
    "2025-02-14 06:12:04 UTC": {
      "ARM HOLDINGS PLC": {
        "RealPrice": [
          -1.7357093596167055,
          -1.4765962185943928,
          -2.2632910760492972,
          -1.6576648397529365,
          -1.7388246621063845,
          -0.8116553850480533,
          0.43923859720691694,
          -2.0697326641752505,
          -2.2757713398458717,
          -1.6326852583219305,
          -0.6899108880584168,
          -1.055153905946255,
          -1.0083290994117795,
          -1.5952254130943497,
          -2.721126219005003,
          -1.5183050696641656,
          -2.1009523775045436,
          -2.3569406891182485,
          -3.1748457329835174,
          -4.833882449062185,
          -4.348638360348659,
          -6.346576163477356,
          -6.5963148162738445,
          -5.5349112515103736,
          -6.071857929249861,
          -5.959478393567119,
          -6.221706837079111
        ]
      },
      "NEBIUS GROUP N.V.": {
        "RealPrice": [
          1.7144436306423612,
          0.9333292643229166,
          -1.6666666666666667,
          -1.3333299424913194,
          -1.2222205268012152,
          -2.322218153211806,
          5.578664143880208,
          11.933330959743923,
          6.576885647243924,
          8.621114095052084,
          6.3111114501953125,
          4.1555531819661455,
          4.666663275824653,
          4.777781168619791,
          1.2888929578993056,
          5.333336724175347,
          3.8375515407986107,
          3.84444342719184,
          4.255557590060764,
          0.2999962700737847,
          -11.077779134114584,
          -9.422225952148438,
          -9.355553521050346,
          -2.622222900390625,
          2.9111141628689237,
          5.711110432942709,
          4.865781995985243
        ]
      },
      "WERIDE INC": {
        "RealPrice": [
          -21.487262188641214,
          -6.101316353499555,
          -15.910997869513436,
          -11.557235673665616,
          -13.096278668283082,
          -12.510493620551323,
          19.367484109431526,
          13.899527086432842,
          13.82591293030784,
          11.529524935127192,
          10.551636406924535,
          11.53064596288544,
          10.215509579182195,
          9.116432612085426,
          -5.28967090361777,
          -2.093481970937622,
          -2.5748619667844816,
          -3.7223566565827553,
          -2.448922505486363,
          -4.729915052787062,
          -7.696613588671427,
          -18.47187368045691,
          -18.164567942556403,
          -19.98320593653595,
          -20.375031829180994,
          -18.75174626764484,
          -21.312622078588316
        ]
      },
      "NANO X IMAGING LTD": {
        "RealPrice": [
          -4.61014450999074,
          -1.2318845937993617,
          -4.565218157488807,
          -3.7666679635715767,
          -3.115944197337604,
          -2.753623979628964,
          -3.043478771659205,
          -1.2318845937993617,
          -1.08696065312592,
          -2.4637691875987233,
          -4.244928715955641,
          -5.000003800875846,
          -4.565218157488807,
          -5.072462315870889,
          -4.275363365458566,
          -1.8840596035382424,
          -2.1739143955684828,
          -3.9797105100920507,
          -3.5420292903785526,
          -3.913043147749926,
          -4.057973999106725,
          -7.391307562796171,
          -8.075361554859526,
          -7.10145277076593,
          -7.157975249940413,
          -6.304346909670251,
          -6.956521919409131
        ]
      },
      "SERVE ROBOTICS INC": {
        "RealPrice": [
          -3.3811466799920504,
          -7.274593641272417,
          -9.973361610036719,
          -10.21174761270375,
          -9.596315012950493,
          -6.83196890813348,
          -8.948090088086543,
          -18.85246013768477,
          -15.300551040042398,
          -16.598362351023404,
          -17.418033681248566,
          -18.88661392404857,
          -19.945355244651655,
          -10.006831408689628,
          -9.938523835962028,
          -6.933062291803098,
          -4.848365461538948,
          -7.002053852241587,
          -6.215852320669334,
          -8.743173884072421,
          -10.245901399067549,
          -11.338803020203107,
          -12.568306758456515,
          -11.81694300095895,
          -12.021859204973072,
          -10.382516544522746,
          -8.743173884072421
        ]
      },
      "SOUNDHOUND AI INC": {
        "RealPrice": [
          2.6917830842399444,
          -1.0318593097263653,
          -3.678786758602749,
          -4.530290817173496,
          -2.9609767952094663,
          -3.1099194104590127,
          -4.934949916056127,
          -0.044864192333297394,
          4.634360683120009,
          2.3777422948766,
          0.2691765970300469,
          0.942122368090033,
          1.2561631574533774,
          3.0955522582698833,
          1.8465598414564646,
          3.813362221663167,
          2.915205564084002,
          0.7761257121538064,
          2.5571990642097897,
          -1.2113075220898173,
          -0.22432096166648696,
          -3.288477697969773,
          -2.8712484105428713,
          -1.8842532931498033,
          -1.16644332975652,
          0.40376061706020167,
          0
        ]
      }
    }
  }
}